pdb_id,allotype,species,method,resolution,engineered
1D9K,MH2-AA*02;H2-ABk,Mus musculus,X-RAY DIFFRACTION,3.2,True
1FYT,HLA-DRA*01:01;HLA-DRA*01:02;HLA-DRB1*01:01,Homo sapiens,X-RAY DIFFRACTION,2.6,True
1J8H,HLA-DRA*01:01;HLA-DRA*01:02;HLA-DRB1*04:01,Homo sapiens,X-RAY DIFFRACTION,2.4,True
1U3H,MH2-AAu;MH2-AA-N2W;H2-ABu,Mus musculus,X-RAY DIFFRACTION,2.42,True
1YMM,HLA-DRA*01:01;HLA-DRA*01:02;HLA-DRB1*15:01,Homo sapiens,X-RAY DIFFRACTION,3.5,True
1ZGL,HLA-DRA*01:02;HLA-DRA*01:01;HLA-DRB5*01:01,Homo sapiens,X-RAY DIFFRACTION,2.8,True
2IAM,HLA-DRA*01:02;HLA-DRA*01:01;HLA-DRB1*01:01,Homo sapiens,X-RAY DIFFRACTION,2.8,True
2IAN,HLA-DRA*01:02;HLA-DRA*01:01;HLA-DRB1*01:01,Homo sapiens,X-RAY DIFFRACTION,2.8,True
2PXY,MH2-AA-N2W;MH2-AAu;H2-ABu,Mus musculus,X-RAY DIFFRACTION,2.23,True
2Z31,MH2-AAu;MH2-AA-N2W;H2-ABu,Mus musculus,X-RAY DIFFRACTION,2.7,True
3MBE,MH2-AAd;H2-AB-NOD,Mus musculus,X-RAY DIFFRACTION,2.886,True
3QIB,H2-EAk;H2-EAck;MH2-AAe;H2-EA;H2-EB1k,"Chimeric, Mus musculus",X-RAY DIFFRACTION,2.7,True
3QIU,H2-EAk;MH2-AAe;H2-EAck;H2-EB1k,"Chimeric, Mus musculus",X-RAY DIFFRACTION,2.7,True
3QIW,MH2-AAe;H2-EAck;H2-EAk;H2-EB1k,"Chimeric, Mus musculus",X-RAY DIFFRACTION,3.3,True
4E41,HLA-DRA*01:01;HLA-DRA*01:02;HLA-DRB1*01:01,Homo sapiens,X-RAY DIFFRACTION,2.6,True
4GG6,HLA-DQA1*03:01;HLA-DQB1*03:02,Homo sapiens,X-RAY DIFFRACTION,3.2,True
4H1L,HLA-DRA*01:02;HLA-DRA*01:01;HLA-DRB3*03:01,Homo sapiens,X-RAY DIFFRACTION,3.3,True
4OZF,HLA-DQA1*05:06;HLA-DQA1*05:08;HLA-DQA1*05:01;HLA-DQA1*05:05;HLA-DQA1*05:07;HLA-DQA1*05:03;HLA-DQB1*02:02;HLA-DQB1*02:04;HLA-DQB1*02:01,Homo sapiens,X-RAY DIFFRACTION,2.7,True
4OZG,HLA-DQA1*05:06;HLA-DQA1*05:08;HLA-DQA1*05:03;HLA-DQA1*05:01;HLA-DQA1*05:07;HLA-DQA1*05:05;HLA-DQB1*02:02;HLA-DQB1*02:04;HLA-DQB1*02:01,Homo sapiens,X-RAY DIFFRACTION,3.0,True
4OZH,HLA-DQA1*05:08;HLA-DQA1*05:01;HLA-DQA1*05:03;HLA-DQA1*05:07;HLA-DQA1*05:05;HLA-DQA1*05:06;HLA-DQB1*02:04;HLA-DQB1*02:01;HLA-DQB1*02:02,Homo sapiens,X-RAY DIFFRACTION,2.8,True
4OZI,HLA-DQA1*05:07;HLA-DQA1*05:06;HLA-DQA1*05:03;HLA-DQA1*05:08;HLA-DQA1*05:05;HLA-DQA1*05:01;HLA-DQB1*02:02;HLA-DQB1*02:01;HLA-DQB1*02:04,Homo sapiens,X-RAY DIFFRACTION,3.2,True
4P2O,H2-EAk;MH2-AAe;H2-EA;H2-EAck,"Chimeric, Mus musculus",X-RAY DIFFRACTION,2.603,True
4P2Q,MH2-AAe;H2-EA;H2-EAck;H2-EAk;H2-EB1k,"Chimeric, Mus musculus",X-RAY DIFFRACTION,3.3,True
4P2R,H2-EA;H2-EAck;H2-EAk;MH2-AAe;H2-EB1k,"Chimeric, Mus musculus",X-RAY DIFFRACTION,3.295,True
4Y19,HLA-DRA*01:02;HLA-DRA*01:01;HLA-DRB1*04:26;HLA-DRB1*04:01;HLA-DRB1*04:13;HLA-DRB1*04:16;HLA-DRB1*04:64;HLA-DRB1*04:76;HLA-DRB1*04:63;HLA-DRB1*04:72;HLA-DRB1*04:38;HLA-DRB1*04:34;HLA-DRB1*04:75;HLA-DRB1*04:33,Homo sapiens,X-RAY DIFFRACTION,2.5,True
4Y1A,HLA-DRA*01:02;HLA-DRA*01:01;HLA-DRB1*04:26;HLA-DRB1*04:76;HLA-DRB1*04:72;HLA-DRB1*04:75;HLA-DRB1*04:13;HLA-DRB1*04:34;HLA-DRB1*04:63;HLA-DRB1*04:38;HLA-DRB1*04:01;HLA-DRB1*04:64;HLA-DRB1*04:16;HLA-DRB1*04:33,Homo sapiens,X-RAY DIFFRACTION,4.0,True
4Z7U,HLA-DQA1*03:03;HLA-DQA1*03:02;HLA-DQA1*03:01;HLA-DQB1*03:02,Homo sapiens,X-RAY DIFFRACTION,2.7,True
4Z7V,HLA-DQA1*03:02;HLA-DQA1*03:01;HLA-DQA1*03:03;HLA-DQB1*03:02,Homo sapiens,X-RAY DIFFRACTION,2.65,True
4Z7W,HLA-DQA1*03:02;HLA-DQA1*03:01;HLA-DQA1*03:03;HLA-DQB1*03:02,Homo sapiens,X-RAY DIFFRACTION,2.89,True
5KS9,HLA-DQA1*03:01;HLA-DQA1*03:03;HLA-DQA1*03:02,Homo sapiens,X-RAY DIFFRACTION,2.55,True
5KSA,HLA-DQA1*05:07;HLA-DQA1*05:08;HLA-DQA1*05:06;HLA-DQA1*05:05;HLA-DQA1*05:01;HLA-DQA1*05:03,Homo sapiens,X-RAY DIFFRACTION,2.0,True
5KSB,HLA-DQA1*05:05;HLA-DQA1*05:08;HLA-DQA1*05:03;HLA-DQA1*05:01;HLA-DQA1*05:07;HLA-DQA1*05:06,Homo sapiens,X-RAY DIFFRACTION,2.9,True
6BGA,H2-EAk;H2-EAck;H2-EB1k,Mus musculus,X-RAY DIFFRACTION,2.307,True
6CQL,HLA-DRA*01:01;HLA-DRA*01:02;HLA-DRB1*11:01,Homo sapiens,X-RAY DIFFRACTION,2.4,True
6CQN,HLA-DRA*0101;HLA-DRB1*1101,Homo sapiens,X-RAY DIFFRACTION,2.5,True
6CQQ,HLA-DRA*0101;HLA-DRB1*1502,Homo sapiens,X-RAY DIFFRACTION,2.8,True
6CQR,HLA-DRA*01:01;HLA-DRA*01:02;HLA-DRB1*01:01,Homo sapiens,X-RAY DIFFRACTION,3.04,True
6PX6,HLA-DQA1*02:01;HLA-DQB1*02:02;HLA-DQB1*02:01,Homo sapiens,X-RAY DIFFRACTION,3.0,True
6PY2,HLA-DQB1*02:02;HLA-DQB1*02:01,Homo sapiens,X-RAY DIFFRACTION,2.82543,True
6V13,HLA-DRA*0101;HLA-DRB1*0401,Homo sapiens,X-RAY DIFFRACTION,2.75,True
6V15,HLA-DRA*0101;HLA-DRB1*0401,Homo sapiens,X-RAY DIFFRACTION,2.8,True
6V18,HLA-DRA*0101;HLA-DRB1*0401,Homo sapiens,X-RAY DIFFRACTION,2.35,True
6V19,HLA-DRA*0101;HLA-DRB1*0401,Homo sapiens,X-RAY DIFFRACTION,2.6,True
6V1A,HLA-DRA*0101;HLA-DRB1*0401,Homo sapiens,X-RAY DIFFRACTION,2.29,True
7SG1,HLA-DQA1*0501;HLA-DQB1*0201,Homo sapiens,X-RAY DIFFRACTION,3.1,True
7SG2,HLA-DQA1*0501;HLA-DQB1*0201,Homo sapiens,X-RAY DIFFRACTION,3.1,True
7T2B,HLA-DPA1*0103;HLA-DPB1*0401,Homo sapiens,X-RAY DIFFRACTION,2.8,True
7T2C,HLA-DPA1*0103;HLA-DPB1*0401,Homo sapiens,X-RAY DIFFRACTION,3.1,True
7T2D,HLA-DPA1*0103;HLA-DPB1*0401,Homo sapiens,X-RAY DIFFRACTION,3.4,True
7Z50,MH2-AAd;H2-AB-NOD,Mus musculus,X-RAY DIFFRACTION,2.65,True
8PJG,HLA-DRA*0101;HLA-DRB1*0101,Homo sapiens,X-RAY DIFFRACTION,1.83,True
8TRL,HLA-DRA*0101;HLA-DRB1*0401,Homo sapiens,X-RAY DIFFRACTION,2.4,True
8TRR,HLA-DRA*0101;HLA-DRB1*0401,Homo sapiens,X-RAY DIFFRACTION,2.65,True
8VCX,HLA-DQA1*0301;HLA-DQB1*0302,Homo sapiens,X-RAY DIFFRACTION,2.59,True
8VCY,HLA-DQA1*0301;HLA-DQB1*0302,Homo sapiens,X-RAY DIFFRACTION,2.6,True
8VD2,HLA-DQA1*0301;HLA-DQB1*0302,Homo sapiens,X-RAY DIFFRACTION,2.9,True
