pdb	Bchain	Achain	Gchain	Dchain	TCRtype	model	antigen_chain	antigen_type	antigen_name	antigen_het_name	mhc_type	mhc_chain1	mhc_chain2	docking_angle	beta_subgroup	alpha_subgroup	gamma_subgroup	delta_subgroup	short_header	date	compound	beta_organism	alpha_organism	gamma_organism	delta_organism	antigen_organism	mhc_chain1_organism	mhc_chain2_organism	authors	resolution	method	r_free	r_factor	affinity	affinity_method	affinity_temperature	affinity_pmid	engineered
4ozi	H	G	NA	NA	abTCR	0	J	peptide	deamidated gliadin-alpha1 peptide	NA	MH2	A	B	45.767	TRBV20	TRAV4	NA	NA	IMMUNE SYSTEM	04/16/14	S2 protein complex	homo sapiens	homo sapiens			triticum aestivum	homo sapiens	homo sapiens	Petersen, J., Reid, H.H., Rossjohn, J.	3.2	X-RAY DIFFRACTION	0.243	0.213					True
4ozi	F	E	NA	NA	abTCR	0	I	peptide	deamidated gliadin-alpha1 peptide	NA	GA	C	NA	nan	TRBV20	TRAV4	NA	NA	IMMUNE SYSTEM	04/16/14	S2 protein complex	homo sapiens	homo sapiens			triticum aestivum	homo sapiens		Petersen, J., Reid, H.H., Rossjohn, J.	3.2	X-RAY DIFFRACTION	0.243	0.213					True
4z7w	F	E	NA	NA	abTCR	0	I | K | K	peptide | carbohydrate | carbohydrate	dq8-glia-alpha1 | ALPHA-D-MANNOSE | ALPHA-D-MANNOSE	NA | MAN | MAN	MH2	C	D	45.882	TRBV6	TRAV8	NA	NA	IMMUNE SYSTEM	06/03/15	T316 complex	homo sapiens	homo sapiens			triticum aestivum	homo sapiens	homo sapiens	Petersen, J., Rossjohn, J., Reid, H.H., Koning, F.	2.89	X-RAY DIFFRACTION	0.247	0.228					True
4z7w	H	G	NA	NA	abTCR	0	J | L | L	peptide | carbohydrate | carbohydrate	dq8-glia-alpha1 | ALPHA-D-MANNOSE | ALPHA-D-MANNOSE	NA | MAN | MAN	MH2	A	B	45.518	TRBV6	TRAV8	NA	NA	IMMUNE SYSTEM	06/03/15	T316 complex	homo sapiens	homo sapiens			triticum aestivum	homo sapiens	homo sapiens	Petersen, J., Rossjohn, J., Reid, H.H., Koning, F.	2.89	X-RAY DIFFRACTION	0.247	0.228					True
6v18	E	D	NA	NA	abTCR	0	C	peptide	fibrinogen beta	NA	MH2	A	B	23.340	TRBV4	TRAV6	NA	NA	IMMUNE SYSTEM	11/25/20	immune receptor complex	mus musculus	mus musculus			homo sapiens	homo sapiens	homo sapiens	Lim, J.J., Rossjohn, J.	2.35	X-RAY DIFFRACTION	0.231	0.193					True
7t2b	T	S	NA	NA	abTCR	0	R	peptide	pneumolysin-derived peptide	NA	MH2	P	Q	36.809	TRBV6	TRAV17	NA	NA	IMMUNE SYSTEM	12/28/22	Crystal structure of the 5F TCR in complex with HLA-DP4-Ply	homo sapiens	homo sapiens			streptococcus pneumoniae	homo sapiens	homo sapiens	Ciacchi, L., Farenc, C., Petersen, J., Reid, H.H., Rossjohn, J.	2.8	X-RAY DIFFRACTION	0.250	0.216					True
7t2b	J	I	NA	NA	abTCR	0	H	peptide	pneumolysin-derived peptide	NA	MH2	F	G	37.521	TRBV6	TRAV17	NA	NA	IMMUNE SYSTEM	12/28/22	Crystal structure of the 5F TCR in complex with HLA-DP4-Ply	homo sapiens	homo sapiens			streptococcus pneumoniae	homo sapiens	homo sapiens	Ciacchi, L., Farenc, C., Petersen, J., Reid, H.H., Rossjohn, J.	2.8	X-RAY DIFFRACTION	0.250	0.216					True
7t2b	O	N	NA	NA	abTCR	0	M	peptide	pneumolysin-derived peptide	NA	MH2	K	L	37.610	TRBV6	TRAV17	NA	NA	IMMUNE SYSTEM	12/28/22	Crystal structure of the 5F TCR in complex with HLA-DP4-Ply	homo sapiens	homo sapiens			streptococcus pneumoniae	homo sapiens	homo sapiens	Ciacchi, L., Farenc, C., Petersen, J., Reid, H.H., Rossjohn, J.	2.8	X-RAY DIFFRACTION	0.250	0.216					True
7t2b	E	D	NA	NA	abTCR	0	C	peptide	pneumolysin-derived peptide	NA	MH2	A	B	36.420	TRBV6	TRAV17	NA	NA	IMMUNE SYSTEM	12/28/22	Crystal structure of the 5F TCR in complex with HLA-DP4-Ply	homo sapiens	homo sapiens			streptococcus pneumoniae	homo sapiens	homo sapiens	Ciacchi, L., Farenc, C., Petersen, J., Reid, H.H., Rossjohn, J.	2.8	X-RAY DIFFRACTION	0.250	0.216					True
7sg1	J	I	NA	NA	abTCR	0	H	peptide	dq2-glia-alpha1a peptide	NA	MH2	F	G	35.221	TRBV29	TRAV4	NA	NA	IMMUNE SYSTEM	02/23/22	XPA5 TCR in complex with HLA-DQ2-alpha1	homo sapiens	homo sapiens			homo sapiens	homo sapiens	homo sapiens	Ciacchi, L., Farenc, C., Petersen, J., Reid, H.H., Rossjohn, J.	3.1	X-RAY DIFFRACTION	0.258	0.217					True
7sg1	E	D	NA	NA	abTCR	0	C	peptide	dq2-glia-alpha1a peptide	NA	MH2	A	B	37.198	TRBV29	TRAV4	NA	NA	IMMUNE SYSTEM	02/23/22	XPA5 TCR in complex with HLA-DQ2-alpha1	homo sapiens	homo sapiens			homo sapiens	homo sapiens	homo sapiens	Ciacchi, L., Farenc, C., Petersen, J., Reid, H.H., Rossjohn, J.	3.1	X-RAY DIFFRACTION	0.258	0.217					True
4p2o	D	C	NA	NA	abTCR	0	P	peptide	2a peptide	NA	MH2	A	B	38.808	TRBV26	TRAV4	NA	NA	IMMUNE SYSTEM	05/21/14	Crystal structure of the 2B4 TCR in complex with 2A/I-Ek	mus musculus	mus musculus			synthetic construct	mus musculus	mus musculus	Birnbaum, M.E., Ozkan, E., Garcia, K.C.	2.603	X-RAY DIFFRACTION	0.245	0.189					True
4e41	E	D	NA	NA	abTCR	0	C	peptide	triosephosphate isomerase	NA	MH2	A	B	44.902	TRBV5	TRAV22	NA	NA	IMMUNE SYSTEM	08/29/12	Structural basis for the recognition of mutant self by a tumor-specific, MHC class II-restricted T cell receptor G4	homo sapiens	homo sapiens			homo sapiens	homo sapiens	homo sapiens	Deng, L., Langley, R.J., Wang, Q., Topalian, S.L., Mariuzza, R.A.	2.6	X-RAY DIFFRACTION	0.264	0.197					True
4e41	J	I	NA	NA	abTCR	0	H	peptide	triosephosphate isomerase	NA	MH2	F	G	45.682	TRBV5	TRAV22	NA	NA	IMMUNE SYSTEM	08/29/12	Structural basis for the recognition of mutant self by a tumor-specific, MHC class II-restricted T cell receptor G4	homo sapiens	homo sapiens			homo sapiens	homo sapiens	homo sapiens	Deng, L., Langley, R.J., Wang, Q., Topalian, S.L., Mariuzza, R.A.	2.6	X-RAY DIFFRACTION	0.264	0.197					True
5ks9	H	G	NA	NA	abTCR	0	J	peptide	dq8-glia-alpha1 peptide	NA	MH2	A	B	38.991	TRBV9	TRAV20	NA	NA	IMMUNE SYSTEM	09/21/16	Bel502-DQ8-glia-alpha1 complex	homo sapiens	homo sapiens			triticum aestivum	homo sapiens	triticum aestivum, homo sapiens	Petersen, J., Rossjohn, J., Reid, H.H.	2.55	X-RAY DIFFRACTION	0.224	0.199					True
5ks9	F	E	NA	NA	abTCR	0	I	peptide	dq8-glia-alpha1 peptide	NA	MH2	C	D	38.976	TRBV9	TRAV20	NA	NA	IMMUNE SYSTEM	09/21/16	Bel502-DQ8-glia-alpha1 complex	homo sapiens	homo sapiens			triticum aestivum	homo sapiens	triticum aestivum, homo sapiens	Petersen, J., Rossjohn, J., Reid, H.H.	2.55	X-RAY DIFFRACTION	0.224	0.199					True
7t2d	O	N	NA	NA	abTCR	0	M	peptide	pneumolysin-derived peptide	NA	MH2	K	L	58.195	TRBV7	TRAV19	NA	NA	IMMUNE SYSTEM	12/28/22	Crystal structure of the B1 TCR in complex with HLA-DP4-Ply	homo sapiens	homo sapiens			streptococcus pneumoniae	homo sapiens	homo sapiens	Ciacchi, L., Farenc, C., Petersen, J., Reid, H.H., Rossjohn, J.	3.4	X-RAY DIFFRACTION	0.271	0.236					True
7t2d	T	S	NA	NA	abTCR	0	R	peptide	pneumolysin-derived peptide	NA	MH2	P	Q	55.494	TRBV7	TRAV19	NA	NA	IMMUNE SYSTEM	12/28/22	Crystal structure of the B1 TCR in complex with HLA-DP4-Ply	homo sapiens	homo sapiens			streptococcus pneumoniae	homo sapiens	homo sapiens	Ciacchi, L., Farenc, C., Petersen, J., Reid, H.H., Rossjohn, J.	3.4	X-RAY DIFFRACTION	0.271	0.236					True
7t2d	J	I	NA	NA	abTCR	0	H	peptide	pneumolysin-derived peptide	NA	MH2	F	G	55.408	TRBV7	TRAV19	NA	NA	IMMUNE SYSTEM	12/28/22	Crystal structure of the B1 TCR in complex with HLA-DP4-Ply	homo sapiens	homo sapiens			streptococcus pneumoniae	homo sapiens	homo sapiens	Ciacchi, L., Farenc, C., Petersen, J., Reid, H.H., Rossjohn, J.	3.4	X-RAY DIFFRACTION	0.271	0.236					True
7t2d	E	D	NA	NA	abTCR	0	C	peptide	pneumolysin-derived peptide	NA	MH2	A	B	54.137	TRBV7	TRAV19	NA	NA	IMMUNE SYSTEM	12/28/22	Crystal structure of the B1 TCR in complex with HLA-DP4-Ply	homo sapiens	homo sapiens			streptococcus pneumoniae	homo sapiens	homo sapiens	Ciacchi, L., Farenc, C., Petersen, J., Reid, H.H., Rossjohn, J.	3.4	X-RAY DIFFRACTION	0.271	0.236					True
6r0e	E	D	NA	NA	abTCR	0	C	peptide	unknown	NA	MH2	A	B	47.987	TRBV24	TRAV8	NA	NA	IMMUNE SYSTEM	01/08/09	Structure of F11TCR in complex with DR1 MHC Class II presenting PKYVKQNTLKLAT								Rizkallah, P.J., Greenshields-Watson, A.L.	1.91	X-RAY DIFFRACTION	0.233	0.206					False
1zgl	P	M	NA	NA	abTCR	0	C	peptide	myelin basic protein	NA	MH2	A	B	39.764	TRBV5	TRAV9	NA	NA	IMMUNE SYSTEM	10/18/05	Crystal structure of 3A6 TCR bound to MBP/HLA-DR2a	homo sapiens	homo sapiens			homo sapiens	homo sapiens	homo sapiens	Li, Y., Huang, Y., Lue, J., Quandt, J.A., Martin, R., Mariuzza, R.A.	2.8	X-RAY DIFFRACTION	0.329	0.280					True
1zgl	T	S	NA	NA	abTCR	0	I	peptide	myelin basic protein	NA	MH2	G	H	40.608	TRBV5	TRAV9	NA	NA	IMMUNE SYSTEM	10/18/05	Crystal structure of 3A6 TCR bound to MBP/HLA-DR2a	homo sapiens	homo sapiens			homo sapiens	homo sapiens	homo sapiens	Li, Y., Huang, Y., Lue, J., Quandt, J.A., Martin, R., Mariuzza, R.A.	2.8	X-RAY DIFFRACTION	0.329	0.280					True
1zgl	V	U	NA	NA	abTCR	0	L	peptide	myelin basic protein	NA	MH2	J	K	41.475	TRBV5	TRAV9	NA	NA	IMMUNE SYSTEM	10/18/05	Crystal structure of 3A6 TCR bound to MBP/HLA-DR2a	homo sapiens	homo sapiens			homo sapiens	homo sapiens	homo sapiens	Li, Y., Huang, Y., Lue, J., Quandt, J.A., Martin, R., Mariuzza, R.A.	2.8	X-RAY DIFFRACTION	0.329	0.280					True
1zgl	R	Q	NA	NA	abTCR	0	F	peptide	myelin basic protein	NA	MH2	D	E	39.901	TRBV5	TRAV9	NA	NA	IMMUNE SYSTEM	10/18/05	Crystal structure of 3A6 TCR bound to MBP/HLA-DR2a	homo sapiens	homo sapiens			homo sapiens	homo sapiens	homo sapiens	Li, Y., Huang, Y., Lue, J., Quandt, J.A., Martin, R., Mariuzza, R.A.	2.8	X-RAY DIFFRACTION	0.329	0.280					True
4y19	E	D	NA	NA	abTCR	0	C	peptide	insulin	NA	MH2	A	B	42.129	TRBV6	TRAV29	NA	NA	IMMUNE SYSTEM	09/23/15	immune complex	homo sapiens	homo sapiens			homo sapiens	homo sapiens	homo sapiens	Beringer, D.X., Petersen, J., Reid, H.H., Rossjohn, J.	2.5	X-RAY DIFFRACTION	0.196	0.160					True
6v15	E	D	NA	NA	abTCR	0	C	peptide	fibrinogen beta 72,74cit69-81	NA	MH2	A	B	25.392	TRBV4	TRAV6	NA	NA	IMMUNE SYSTEM	11/25/20	immune receptor complex	mus musculus	mus musculus			homo sapiens	homo sapiens	homo sapiens	Lim, J.J., Rossjohn, J.	2.8	X-RAY DIFFRACTION	0.233	0.197					True
4z7u	H	G	NA	NA	abTCR	0	J	peptide	deamidated dq8-glia-alpha1 peptide	NA	MH2	A	B	37.230	TRBV9	TRAV26	NA	NA	IMMUNE SYSTEM	06/03/15	S13 complex	homo sapiens	homo sapiens			triticum aestivum	homo sapiens	homo sapiens	Petersen, J., Rossjohn, J., Reid, H.H., Koning, F.	2.7	X-RAY DIFFRACTION	0.220	0.178					True
4z7u	F	E	NA	NA	abTCR	0	I	peptide	deamidated dq8-glia-alpha1 peptide	NA	MH2	C	D	36.414	TRBV9	TRAV26	NA	NA	IMMUNE SYSTEM	06/03/15	S13 complex	homo sapiens	homo sapiens			triticum aestivum	homo sapiens	homo sapiens	Petersen, J., Rossjohn, J., Reid, H.H., Koning, F.	2.7	X-RAY DIFFRACTION	0.220	0.178					True
6v19	E	D	NA	NA	abTCR	0	C	peptide	fibrinogen beta 72,74cit69-81	NA	MH2	A	B	23.818	TRBV4	TRAV6	NA	NA	IMMUNE SYSTEM	11/25/20	immune receptor complex	mus musculus	mus musculus			homo sapiens	homo sapiens	homo sapiens	Lim, J.J., Rossjohn, J.	2.6	X-RAY DIFFRACTION	0.224	0.202					True
4h1l	J	I	NA	NA	abTCR	0	C	peptide	mimotope peptide	NA	MH2	A	B	55.243	TRBV19	TRAV8	NA	NA	IMMUNE SYSTEM	11/14/12	TCR interaction with peptide mimics of nickel offers structural insights in nickel contact allergy	escherichia coli	escherichia coli			escherichia coli	homo sapiens	homo sapiens	Kappler, J.W., Yin, L., Dai, S., Marrack, P.	3.3	X-RAY DIFFRACTION	0.285	0.263					True
4h1l	H	G	NA	NA	abTCR	0	F	peptide	mimotope peptide	NA	MH2	D	E	55.261	TRBV19	TRAV8	NA	NA	IMMUNE SYSTEM	11/14/12	TCR interaction with peptide mimics of nickel offers structural insights in nickel contact allergy	escherichia coli	escherichia coli			escherichia coli	homo sapiens	homo sapiens	Kappler, J.W., Yin, L., Dai, S., Marrack, P.	3.3	X-RAY DIFFRACTION	0.285	0.263					True
1ymm	E	D	NA	NA	abTCR	0	C	peptide	mbp peptide	NA	MH2	A	B	82.519	TRBV20	TRAV17	NA	NA	IMMUNE SYSTEM	05/03/05	TCR/HLA-DR2b/MBP-peptide complex	homo sapiens	homo sapiens				homo sapiens	homo sapiens	Hahn, M., Nicholson, M.J., Pyrdol, J., Wucherpfennig, K.W.	3.5	X-RAY DIFFRACTION	0.318	0.274					True
1j8h	E	D	NA	NA	abTCR	0	C	peptide	hemagglutinin ha1 peptide chain	NA	MH2	A	B	48.329	TRBV28	TRAV8	NA	NA	IMMUNE SYSTEM	03/13/02	Crystal Structure of a Complex of a Human alpha/beta-T cell Receptor, Influenza HA Antigen Peptide, and MHC Class II Molecule, HLA-DR4	homo sapiens	homo sapiens			influenzavirus a	homo sapiens	homo sapiens	Hennecke, J., Wiley, D.C.	2.4	X-RAY DIFFRACTION	0.246	0.211					True
4gg6	F	E	NA	NA	abTCR	0	I	peptide	peptide from alpha/beta-gliadin mm1	NA	MH2	C	D	41.923	TRBV9	TRAV26	NA	NA	IMMUNE SYSTEM	10/24/12	Protein complex	homo sapiens	homo sapiens			triticum aestivum	homo sapiens	homo sapiens	Broughton, S.E., Theodossis, A., Petersen, J., Reid, H.H., Rossjohn, J.	3.2	X-RAY DIFFRACTION	0.285	0.246					True
4gg6	H	G	NA	NA	abTCR	0	J	peptide	peptide from alpha/beta-gliadin mm1	NA	MH2	A	B	39.301	TRBV9	TRAV26	NA	NA	IMMUNE SYSTEM	10/24/12	Protein complex	homo sapiens	homo sapiens			triticum aestivum	homo sapiens	homo sapiens	Broughton, S.E., Theodossis, A., Petersen, J., Reid, H.H., Rossjohn, J.	3.2	X-RAY DIFFRACTION	0.285	0.246					True
3qiu	D	C	NA	NA	abTCR	0	E	peptide	mcc peptide	NA	MH2	A	B	38.838	TRBV26	TRAV4	NA	NA	IMMUNE SYSTEM	04/27/11	Crystal structure of the 226 TCR in complex with MCC/I-Ek	mus musculus	mus musculus			manduca sexta	mus musculus	mus musculus	Kruse, A.C., Ely, L.K., Newell, E.W., Davis, M.M., Garcia, K.C.	2.7	X-RAY DIFFRACTION	0.254	0.215					True
5ksa	D	C	NA	NA	abTCR	0	J	peptide	dq8.5-glia-gamma1 peptide	NA	MH2	A	B	41.683	TRBV9	TRAV20	NA	NA	IMMUNE SYSTEM	09/21/16	Bel602-DQ8.5-glia-gamma1 complex	homo sapiens	homo sapiens			triticum aestivum	homo sapiens	triticum aestivum, homo sapiens	Petersen, J., Rossjohn, J., Reid, H.H.	2	X-RAY DIFFRACTION	0.206	0.169					True
4z7v	F	E	NA	NA	abTCR	0	I	peptide	deamidated dq8-glia-alpha1 peptide	NA	MH2	C	D	39.673	TRBV9	TRAV26	NA	NA	IMMUNE SYSTEM	06/03/15	L3-12 complex	homo sapiens	homo sapiens			triticum aestivum	homo sapiens	homo sapiens	Petersen, J., Rossjohn, J., Reid, H.H., Koning, F.	2.65	X-RAY DIFFRACTION	0.226	0.187					True
4z7v	H	G	NA	NA	abTCR	0	J	peptide	deamidated dq8-glia-alpha1 peptide	NA	MH2	A	B	38.981	TRBV9	TRAV26	NA	NA	IMMUNE SYSTEM	06/03/15	L3-12 complex	homo sapiens	homo sapiens			triticum aestivum	homo sapiens	homo sapiens	Petersen, J., Rossjohn, J., Reid, H.H., Koning, F.	2.65	X-RAY DIFFRACTION	0.226	0.187					True
6cqr	E	D	NA	NA	abTCR	0	C	peptide	peptide from capsid protein p24	NA	MH2	A	B	30.606	TRBV2	TRAV24	NA	NA	IMMUNE SYSTEM	06/06/18	Crystal structure of F24 TCR -DR1-RQ13 peptide complex	homo sapiens	homo sapiens			hiv-1 m	homo sapiens	homo sapiens	Farenc, C., Gras, S., Rossjohn, J.	3.04	X-RAY DIFFRACTION	0.254	0.223					True
6cqr	J	I	NA	NA	abTCR	0	H	peptide	peptide from capsid protein p24	NA	MH2	F	G	31.334	TRBV2	TRAV24	NA	NA	IMMUNE SYSTEM	06/06/18	Crystal structure of F24 TCR -DR1-RQ13 peptide complex	homo sapiens	homo sapiens			hiv-1 m	homo sapiens	homo sapiens	Farenc, C., Gras, S., Rossjohn, J.	3.04	X-RAY DIFFRACTION	0.254	0.223					True
4p2r	O	N	NA	NA	abTCR	0	M	peptide	5c1 peptide	NA	MH2	K	L	32.853	TRBV26	TRAV4	NA	NA	IMMUNE SYSTEM	05/21/14	Crystal structure of the 5cc7 TCR in complex with 5c1/I-Ek	mus musculus	mus musculus			synthetic construct	mus musculus	mus musculus	Birnbaum, M.E., Ozkan, E., Garcia, K.C.	3.295	X-RAY DIFFRACTION	0.243	0.212					True
4p2r	J	I	NA	NA	abTCR	0	H	peptide	5c1 peptide	NA	MH2	F	G	31.752	TRBV26	TRAV4	NA	NA	IMMUNE SYSTEM	05/21/14	Crystal structure of the 5cc7 TCR in complex with 5c1/I-Ek	mus musculus	mus musculus			synthetic construct	mus musculus	mus musculus	Birnbaum, M.E., Ozkan, E., Garcia, K.C.	3.295	X-RAY DIFFRACTION	0.243	0.212					True
4p2r	T	S	NA	NA	abTCR	0	R	peptide	5c1 peptide	NA	MH2	P	Q	31.485	TRBV26	TRAV4	NA	NA	IMMUNE SYSTEM	05/21/14	Crystal structure of the 5cc7 TCR in complex with 5c1/I-Ek	mus musculus	mus musculus			synthetic construct	mus musculus	mus musculus	Birnbaum, M.E., Ozkan, E., Garcia, K.C.	3.295	X-RAY DIFFRACTION	0.243	0.212					True
4p2r	E	D	NA	NA	abTCR	0	C	peptide	5c1 peptide	NA	MH2	A	B	31.920	TRBV26	TRAV4	NA	NA	IMMUNE SYSTEM	05/21/14	Crystal structure of the 5cc7 TCR in complex with 5c1/I-Ek	mus musculus	mus musculus			synthetic construct	mus musculus	mus musculus	Birnbaum, M.E., Ozkan, E., Garcia, K.C.	3.295	X-RAY DIFFRACTION	0.243	0.212					True
4p2q	J	I	NA	NA	abTCR	0	H	peptide	5c2 peptide	NA	MH2	F	G	31.501	TRBV26	TRAV4	NA	NA	IMMUNE SYSTEM	05/21/14	Crystal structure of the 5cc7 TCR in complex with 5c2/I-Ek	mus musculus	mus musculus			synthetic construct	mus musculus	mus musculus	Birnbaum, M.E., Ozkan, E., Garcia, K.C.	3.3	X-RAY DIFFRACTION	0.236	0.188					True
4p2q	O	N	NA	NA	abTCR	0	M	peptide	5c2 peptide	NA	MH2	K	L	32.395	TRBV26	TRAV4	NA	NA	IMMUNE SYSTEM	05/21/14	Crystal structure of the 5cc7 TCR in complex with 5c2/I-Ek	mus musculus	mus musculus			synthetic construct	mus musculus	mus musculus	Birnbaum, M.E., Ozkan, E., Garcia, K.C.	3.3	X-RAY DIFFRACTION	0.236	0.188					True
4p2q	E	D	NA	NA	abTCR	0	C	peptide	5c2 peptide	NA	MH2	A	B	31.741	TRBV26	TRAV4	NA	NA	IMMUNE SYSTEM	05/21/14	Crystal structure of the 5cc7 TCR in complex with 5c2/I-Ek	mus musculus	mus musculus			synthetic construct	mus musculus	mus musculus	Birnbaum, M.E., Ozkan, E., Garcia, K.C.	3.3	X-RAY DIFFRACTION	0.236	0.188					True
4p2q	T	S	NA	NA	abTCR	0	R	peptide	5c2 peptide	NA	MH2	P	Q	30.995	TRBV26	TRAV4	NA	NA	IMMUNE SYSTEM	05/21/14	Crystal structure of the 5cc7 TCR in complex with 5c2/I-Ek	mus musculus	mus musculus			synthetic construct	mus musculus	mus musculus	Birnbaum, M.E., Ozkan, E., Garcia, K.C.	3.3	X-RAY DIFFRACTION	0.236	0.188					True
6cql	E	D	NA	NA	abTCR	0	C	peptide	peptide from capsid protein p24	NA	MH2	A	B	33.458	TRBV2	TRAV24	NA	NA	IMMUNE SYSTEM	06/06/18	Crystal structure of F24 TCR -DR11-RQ13 peptide complex	homo sapiens	homo sapiens			hiv-1 m	homo sapiens	homo sapiens	Farenc, C., Gras, S., Rossjohn, J.	2.4	X-RAY DIFFRACTION	0.256	0.220					True
8trl	H	G	NA	NA	abTCR	0	F	peptide	alpha-enolase	NA	MH2	D	E	33.331	TRBV2	TRAV26	NA	NA	IMMUNE SYSTEM	07/31/24	T cell recognition of citrullinated alpha-enolase peptide presented by HLA-DR4	homo sapiens	homo sapiens			homo sapiens	homo sapiens	homo sapiens	Lim, J.J., Loh, T.J., Reid, H.H., Rossjohn, J.	2.4	X-RAY DIFFRACTION	0.234	0.210					True
8trl	J	I	NA	NA	abTCR	0	C	peptide	alpha-enolase	NA	MH2	A	B	34.816	TRBV2	TRAV26	NA	NA	IMMUNE SYSTEM	07/31/24	T cell recognition of citrullinated alpha-enolase peptide presented by HLA-DR4	homo sapiens	homo sapiens			homo sapiens	homo sapiens	homo sapiens	Lim, J.J., Loh, T.J., Reid, H.H., Rossjohn, J.	2.4	X-RAY DIFFRACTION	0.234	0.210					True
3mbe	H	G	NA	NA	abTCR	0	Q	peptide	peptide hel 11-27	NA	MH2	E	F	48.061	TRBV13	TRAV4	NA	NA	IMMUNE SYSTEM	05/12/10	TCR 21.30 in complex with MHC class II I-Ag7HEL(11-27)	mus musculus	mus musculus			gallus gallus	mus musculus	mus musculus	Corper, A.L., Yoshida, K., Teyton, L., Wilson, I.A.	2.886	X-RAY DIFFRACTION	0.281	0.253					True
3mbe	D	C	NA	NA	abTCR	0	P	peptide	peptide hel 11-27	NA	MH2	A	B	46.828	TRBV13	TRAV4	NA	NA	IMMUNE SYSTEM	05/12/10	TCR 21.30 in complex with MHC class II I-Ag7HEL(11-27)	mus musculus	mus musculus			gallus gallus	mus musculus	mus musculus	Corper, A.L., Yoshida, K., Teyton, L., Wilson, I.A.	2.886	X-RAY DIFFRACTION	0.281	0.253					True
8trr	J	I	NA	NA	abTCR	0	H	peptide	vimentin	NA	MH2	F	G	38.524	TRBV13	TRAV6	NA	NA	IMMUNE SYSTEM	07/31/24	T cell recognition of citrullinated vimentin peptide presented by HLA-DR4	mus musculus	mus musculus			homo sapiens	homo sapiens	homo sapiens	Loh, T.J., Lim, J.J., Reid, H.H., Rossjohn, J.	2.65	X-RAY DIFFRACTION	0.244	0.209					True
8trr	E	D	NA	NA	abTCR	0	C	peptide	vimentin	NA	MH2	A	B	37.855	TRBV13	TRAV6	NA	NA	IMMUNE SYSTEM	07/31/24	T cell recognition of citrullinated vimentin peptide presented by HLA-DR4	mus musculus	mus musculus			homo sapiens	homo sapiens	homo sapiens	Loh, T.J., Lim, J.J., Reid, H.H., Rossjohn, J.	2.65	X-RAY DIFFRACTION	0.244	0.209					True
4ozg	H	G	NA	NA	abTCR	0	J	peptide	deamidated gliadin-alpha2 peptide	NA	MH2	A	B	35.590	TRBV7	TRAV26	NA	NA	IMMUNE SYSTEM	04/16/14	D2 protein complex	homo sapiens	homo sapiens			triticum aestivum	homo sapiens	homo sapiens	Petersen, J., Reid, H.H., Rossjohn, J.	3	X-RAY DIFFRACTION	0.241	0.203					True
4ozg	F	E	NA	NA	abTCR	0	I	peptide	deamidated gliadin-alpha2 peptide	NA	MH2	C	D	34.160	TRBV7	TRAV26	NA	NA	IMMUNE SYSTEM	04/16/14	D2 protein complex	homo sapiens	homo sapiens			triticum aestivum	homo sapiens	homo sapiens	Petersen, J., Reid, H.H., Rossjohn, J.	3	X-RAY DIFFRACTION	0.241	0.203					True
4ozh	H	G	NA	NA	abTCR	0	J	peptide	gliadin-alpha2 peptide	NA	GA	A	NA	nan	TRBV7	TRAV26	NA	NA	IMMUNE SYSTEM	04/16/14	S16 protein complex	homo sapiens	homo sapiens			triticum aestivum	homo sapiens		Petersen, J., Reid, H.H., Rossjohn, J.	2.8	X-RAY DIFFRACTION	0.243	0.226					True
4ozh	F	E	NA	NA	abTCR	0	I	peptide	gliadin-alpha2 peptide	NA	MH2	C	D	32.047	TRBV7	TRAV26	NA	NA	IMMUNE SYSTEM	04/16/14	S16 protein complex	homo sapiens	homo sapiens			triticum aestivum	homo sapiens	homo sapiens	Petersen, J., Reid, H.H., Rossjohn, J.	2.8	X-RAY DIFFRACTION	0.243	0.226					True
5ksb	H	G	NA	NA	abTCR	0	J	peptide	dq8.5-glia-gamma1 peptide	NA	MH2	A	B	33.345	TRBV9	TRAV20	NA	NA	IMMUNE SYSTEM	09/21/16	T15-DQ8.5-glia-gamma1 complex	homo sapiens	homo sapiens			triticum aestivum	homo sapiens	triticum aestivum, homo sapiens	Petersen, J., Rossjohn, J., Reid, H.H.	2.9	X-RAY DIFFRACTION	0.254	0.219					True
5ksb	F	E	NA	NA	abTCR	0	I	peptide	dq8.5-glia-gamma1 peptide	NA	MH2	C	D	33.368	TRBV9	TRAV20	NA	NA	IMMUNE SYSTEM	09/21/16	T15-DQ8.5-glia-gamma1 complex	homo sapiens	homo sapiens			triticum aestivum	homo sapiens	triticum aestivum, homo sapiens	Petersen, J., Rossjohn, J., Reid, H.H.	2.9	X-RAY DIFFRACTION	0.254	0.219					True
6py2	E	D	NA	NA	abTCR	0	C	peptide	dq2.2-glut-l1	NA	MH2	A	B	53.941	TRBV11	TRAV9	NA	NA	IMMUNE SYSTEM	01/15/20	HLA-TCR complex	homo sapiens	homo sapiens			triticum aestivum	homo sapiens	homo sapiens	Ting, Y.T., Peteren, J., Reid, H.H., Rossjohn, J.	2.82543	X-RAY DIFFRACTION	0.244	0.216					True
2ian	O	N	NA	NA	abTCR	0	M	peptide	15-mer peptide from triosephosphate isomerase	NA	MH2	K	L	42.038	TRBV6	TRAV22	NA	NA	IMMUNE SYSTEM	04/03/07	Structural basis for recognition of mutant self by a tumor-specific, MHC class II-restricted TCR	homo sapiens	homo sapiens			homo sapiens	homo sapiens	homo sapiens	Deng, L., Langley, R.J., Mariuzza, R.A.	2.8	X-RAY DIFFRACTION	0.296	0.221					True
2ian	J	I	NA	NA	abTCR	0	H	peptide	15-mer peptide from triosephosphate isomerase	NA	MH2	F	G	42.811	TRBV6	TRAV22	NA	NA	IMMUNE SYSTEM	04/03/07	Structural basis for recognition of mutant self by a tumor-specific, MHC class II-restricted TCR	homo sapiens	homo sapiens			homo sapiens	homo sapiens	homo sapiens	Deng, L., Langley, R.J., Mariuzza, R.A.	2.8	X-RAY DIFFRACTION	0.296	0.221					True
2ian	E	D	NA	NA	abTCR	0	C	peptide	15-mer peptide from triosephosphate isomerase	NA	MH2	A	B	42.980	TRBV6	TRAV22	NA	NA	IMMUNE SYSTEM	04/03/07	Structural basis for recognition of mutant self by a tumor-specific, MHC class II-restricted TCR	homo sapiens	homo sapiens			homo sapiens	homo sapiens	homo sapiens	Deng, L., Langley, R.J., Mariuzza, R.A.	2.8	X-RAY DIFFRACTION	0.296	0.221					True
2ian	T	S	NA	NA	abTCR	0	R	peptide	15-mer peptide from triosephosphate isomerase	NA	MH2	P	Q	43.306	TRBV6	TRAV22	NA	NA	IMMUNE SYSTEM	04/03/07	Structural basis for recognition of mutant self by a tumor-specific, MHC class II-restricted TCR	homo sapiens	homo sapiens			homo sapiens	homo sapiens	homo sapiens	Deng, L., Langley, R.J., Mariuzza, R.A.	2.8	X-RAY DIFFRACTION	0.296	0.221					True
6cqn	E	D	NA	NA	abTCR	0	C	peptide	peptide from capsid protein p24	NA	MH2	A	B	32.805	TRBV2	TRAV24	NA	NA	IMMUNE SYSTEM	06/06/18	Crystal structure of F5 TCR -DR11-RQ13 peptide complex	homo sapiens	homo sapiens			hiv-1 m	homo sapiens	homo sapiens	Farenc, C., Gras, S., Rossjohn, J.	2.5	X-RAY DIFFRACTION	0.251	0.196					True
1d9k	F	E	NA	NA	abTCR	0	Q	peptide	conalbumin peptide	NA	MH2	G	H	51.674	TRBV13	TRAV14	NA	NA	IMMUNE SYSTEM	12/15/99	CRYSTAL STRUCTURE OF COMPLEX BETWEEN D10 TCR AND PMHC I-AK/CA	mus musculus	mus musculus			mus musculus	mus musculus	mus musculus	Reinherz, E.L., Tan, K., Tang, L., Kern, P., Liu, J.-H., Xiong, Y., Hussey, R.E., Smolyar, A., Hare, B., Zhang, R., Joachimiak, A., Chang, H.-C., Wagner, G., Wang, J.-H.	3.2	X-RAY DIFFRACTION	0.293	0.247					True
1d9k	B	A	NA	NA	abTCR	0	P	peptide	conalbumin peptide	NA	MH2	C	D	51.570	TRBV13	TRAV14	NA	NA	IMMUNE SYSTEM	12/15/99	CRYSTAL STRUCTURE OF COMPLEX BETWEEN D10 TCR AND PMHC I-AK/CA	mus musculus	mus musculus			mus musculus	mus musculus	mus musculus	Reinherz, E.L., Tan, K., Tang, L., Kern, P., Liu, J.-H., Xiong, Y., Hussey, R.E., Smolyar, A., Hare, B., Zhang, R., Joachimiak, A., Chang, H.-C., Wagner, G., Wang, J.-H.	3.2	X-RAY DIFFRACTION	0.293	0.247					True
6cqq	E	D	NA	NA	abTCR	0	C	peptide	peptide from capsid protein p24	NA	MH2	A	B	34.233	TRBV2	TRAV24	NA	NA	IMMUNE SYSTEM	06/06/18	Crystal structure of F24 TCR -DR15-RQ13 peptide complex	homo sapiens	homo sapiens			hiv-1 m	homo sapiens	homo sapiens	Farenc, C., Gras, S., Rossjohn, J.	2.8	X-RAY DIFFRACTION	0.254	0.207					True
6cqq	J	I	NA	NA	abTCR	0	H	peptide	peptide from capsid protein p24	NA	MH2	F	G	34.516	TRBV2	TRAV24	NA	NA	IMMUNE SYSTEM	06/06/18	Crystal structure of F24 TCR -DR15-RQ13 peptide complex	homo sapiens	homo sapiens			hiv-1 m	homo sapiens	homo sapiens	Farenc, C., Gras, S., Rossjohn, J.	2.8	X-RAY DIFFRACTION	0.254	0.207					True
3qiw	D	C	NA	NA	abTCR	0	E	peptide	mcc-p5e peptide	NA	MH2	A	B	39.865	TRBV26	TRAV4	NA	NA	IMMUNE SYSTEM	04/27/11	Crystal structure of the 226 TCR in complex with MCC-p5E/I-Ek	mus musculus	manduca sexta			mus musculus	mus musculus	mus musculus	Kruse, A.C., Ely, L.K., Newell, E.W., Davis, M.M., Garcia, K.C.	3.3	X-RAY DIFFRACTION	0.267	0.212					True
8pjg	E	D	NA	NA	abTCR	0	C	peptide	hemagglutinin ha2 chain	NA	MH2	A	B	48.209	TRBV24	TRAV8	NA	NA	IMMUNE SYSTEM	06/19/24	F11 TCR in complex with Human Leukocyte Antigen class II allotype DR1 presenting P11T->R modified influenza A virus haemagglutinin (HA)306-318 PKYVKQNTLKLAR	homo sapiens	homo sapiens			influenza a virus	homo sapiens	homo sapiens	MacLachlan, B.J., Wall, A., Greenshields-Watson, A.L., Cole, D.K., Rizkallah, P.J., Godkin, A.J.	1.83	X-RAY DIFFRACTION	0.214	0.181					True
8vcx	E	D	NA	NA	abTCR	0	C	peptide	proinsulin c-peptide (insc8-22)	NA	MH2	A	B	32.406	TRBV5	TRAV26	NA	NA	IMMUNE SYSTEM	08/07/24	Human TCR A2.13 in complex with DQ8-InsCpep	homo sapiens	homo sapiens			homo sapiens	homo sapiens	homo sapiens	Tran, T.M., Lim, J.J., Loh, T.J., Mannering, I.S., Rossjohn, J., Reid, H.H.	2.59	X-RAY DIFFRACTION	0.238	0.203					True
7sg2	J	I	NA	NA	abTCR	0	H	peptide	dq2-glia-omega1 peptide	NA	MH2	F	G	34.514	TRBV29	TRAV4	NA	NA	IMMUNE SYSTEM	02/23/22	XPA5 TCR in complex with HLA-DQ2-omega1	homo sapiens	homo sapiens			homo sapiens	homo sapiens	homo sapiens	Ciacchi, L., Farenc, C., Petersen, J., Reid, H.H., Rossjohn, J.	3.1	X-RAY DIFFRACTION	0.259	0.218					True
7sg2	E	D	NA	NA	abTCR	0	C	peptide	dq2-glia-omega1 peptide	NA	MH2	A	B	36.806	TRBV29	TRAV4	NA	NA	IMMUNE SYSTEM	02/23/22	XPA5 TCR in complex with HLA-DQ2-omega1	homo sapiens	homo sapiens			homo sapiens	homo sapiens	homo sapiens	Ciacchi, L., Farenc, C., Petersen, J., Reid, H.H., Rossjohn, J.	3.1	X-RAY DIFFRACTION	0.259	0.218					True
7z50	E	H	NA	NA	abTCR	0	T	peptide	hybrid insulin peptide	NA	MH2	A	B	42.070	TRBV16	TRAV5	NA	NA	IMMUNE SYSTEM	07/20/22	Structure of the highly diabetogenic 4.1-T cell receptor targeting a hybrid insulin peptide bound to I-Ag7.	mus musculus	mus musculus			mus musculus	mus musculus	mus musculus	Lopez-Sagaseta, J., Erausquin, E.	2.65	X-RAY DIFFRACTION	0.261	0.221					True
7z50	F	G	NA	NA	abTCR	0	W	peptide	hybrid insulin peptide	NA	MH2	C	D	41.089	TRBV16	TRAV5	NA	NA	IMMUNE SYSTEM	07/20/22	Structure of the highly diabetogenic 4.1-T cell receptor targeting a hybrid insulin peptide bound to I-Ag7.	mus musculus	mus musculus			mus musculus	mus musculus	mus musculus	Lopez-Sagaseta, J., Erausquin, E.	2.65	X-RAY DIFFRACTION	0.261	0.221					True
6bga	D	C	NA	NA	abTCR	0	E	peptide	velcro peptide	NA	MH2	A	B	36.298	TRBV26	TRAV4	NA	NA	IMMUNE SYSTEM	07/18/18	2B4 I-Ek TCR-MHC complex with affinity-enhancing Velcro peptide	mus musculus	mus musculus			synthetic construct	mus musculus	mus musculus	Gee, M.H., Sibener, L.V., Birnbaum, M.E., Jude, K.M., Garcia, K.C.	2.307	X-RAY DIFFRACTION	0.237	0.192					True
8vd2	E	D	NA	NA	abTCR	0	C	peptide	hybrid insulin peptide (hip; insc8-15-iapp23-29 )	NA	MH2	A	B	39.734	TRBV5	TRAV26	NA	NA	IMMUNE SYSTEM	08/07/24	Human TCR ET650-4 in complex with DQ8-InsC8-15-IAPP1	homo sapiens	homo sapiens			homo sapiens	homo sapiens	homo sapiens	Tran, T.M., Lim, J.J., Loh, T.Y., Mannering, I.S., Rossjohn, J., Reid, H.H.	2.9	X-RAY DIFFRACTION	0.259	0.221					True
8vcy	E	D	NA	NA	abTCR	0	C	peptide	hybrid insulin peptide (hip; insc8-15-npy68-74)	NA	MH2	A	B	33.199	TRBV5	TRAV26	NA	NA	IMMUNE SYSTEM	08/07/24	Human TCR A2.13 in complex with DQ8-InsC8-15NPY	homo sapiens	homo sapiens			homo sapiens	homo sapiens	homo sapiens	Tran, T.M., Lim, J.J., Loh, T.Y., Mannering, I.S., Rossjohn, J., Reid, H.H.	2.6	X-RAY DIFFRACTION	0.225	0.185					True
4y1a	E	D	NA	NA	abTCR	0	C	peptide	insulin	NA	MH2	A	B	41.459	TRBV6	TRAV29	NA	NA	IMMUNE SYSTEM	09/23/15	immune complex	homo sapiens	homo sapiens			homo sapiens	homo sapiens	homo sapiens	Beringer, D.X., Vivian, J.P., Reid, H.H., Rossjohn, J.	4	X-RAY DIFFRACTION	0.283	0.225					True
2iam	D	C	NA	NA	abTCR	0	P	peptide	15-mer peptide from triosephosphate isomerase	NA	MH2	A	B	43.401	TRBV6	TRAV22	NA	NA	IMMUNE SYSTEM	04/03/07	Structural basis for recognition of mutant self by a tumor-specific, MHC class II-restricted TCR	homo sapiens	homo sapiens			homo sapiens	homo sapiens	homo sapiens	Deng, L., Langley, R.J., Mariuzza, R.A.	2.8	X-RAY DIFFRACTION	0.279	0.207					True
7t2c	E	D	NA	NA	abTCR	0	C	peptide	pneumolysin-derived peptide	NA	MH2	A	B	51.719	TRBV20	TRAV4	NA	NA	IMMUNE SYSTEM	12/28/22	Crystal structure of the B5 TCR in complex with HLA-DP4-Ply	homo sapiens	homo sapiens			streptococcus pneumoniae	homo sapiens	homo sapiens	Ciacchi, L., Farenc, C., Petersen, J., Reid, H.H., Rossjohn, J.	3.1	X-RAY DIFFRACTION	0.257	0.211					True
2pxy	B	A	NA	NA	abTCR	0	P	peptide	myelin basic protein (mbp)-peptide	NA	MH2	C	D	47.201	TRBV13	TRAV6	NA	NA	IMMUNE SYSTEM	10/09/07	Crystal structures of immune receptor complexes	mus musculus	mus musculus				mus musculus	mus musculus	Feng, D., Bond, C.J., Ely, L.K., Garcia, K.C.	2.23	X-RAY DIFFRACTION	0.253	0.218					True
3qib	D	C	NA	NA	abTCR	0	P	peptide	mcc peptide	NA	MH2	A	B	36.287	TRBV26	TRAV4	NA	NA	IMMUNE SYSTEM	04/27/11	Crystal structure of the 2B4 TCR in complex with MCC/I-Ek	mus musculus	homo sapiens			manduca sexta	mus musculus	mus musculus	Ely, L.K., Newell, E.W., Davis, M.M., Garcia, K.C.	2.7	X-RAY DIFFRACTION	0.246	0.221					True
6px6	E	D	NA	NA	abTCR	0	C	peptide	dq2.2-glut-l1	NA	MH2	A	B	30.442	TRBV7	TRAV21	NA	NA	IMMUNE SYSTEM	01/15/20	HLA-TCR complex	homo sapiens	homo sapiens			triticum aestivum	homo sapiens	homo sapiens	Ting, Y.T., Reid, H.H., Rossjohn, J.	3	X-RAY DIFFRACTION	0.257	0.205					True
6v1a	E	D	NA	NA	abTCR	0	C	peptide	fibrinogen beta 74cit69-81	NA	MH2	A	B	24.853	TRBV4	TRAV6	NA	NA	IMMUNE SYSTEM	11/25/20	immune receptor complex	mus musculus	mus musculus			homo sapiens	homo sapiens	homo sapiens	Lim, J.J., Rossjohn, J.	2.29	X-RAY DIFFRACTION	0.214	0.187					True
1u3h	F	E	NA	NA	abTCR	0	I	peptide	myelin basic protein (mbp)-peptide	NA	MH2	G	H	40.041	TRBV13	TRAV14	NA	NA	IMMUNE SYSTEM	05/17/05	Crystal structure of mouse TCR 172.10 complexed with MHC class II I-Au molecule at 2.4 A	mus musculus	mus musculus			synthetic construct	mus musculus	mus musculus	Maynard, J., Petersson, K., Wilson, D.H., Adams, E.J., Blondelle, S.E., Boulanger, M.J., Wilson, D.B., Garcia, K.C.	2.42	X-RAY DIFFRACTION	0.274	0.232					True
1u3h	B	A	NA	NA	abTCR	0	P	peptide	myelin basic protein (mbp)-peptide	NA	MH2	C	D	41.853	TRBV13	TRAV14	NA	NA	IMMUNE SYSTEM	05/17/05	Crystal structure of mouse TCR 172.10 complexed with MHC class II I-Au molecule at 2.4 A	mus musculus	mus musculus			synthetic construct	mus musculus	mus musculus	Maynard, J., Petersson, K., Wilson, D.H., Adams, E.J., Blondelle, S.E., Boulanger, M.J., Wilson, D.B., Garcia, K.C.	2.42	X-RAY DIFFRACTION	0.274	0.232					True
2z31	B	A	NA	NA	abTCR	0	P	peptide	myelin basic protein (mbp)-peptide	NA	MH2	C	D	47.055	TRBV13	TRAV6	NA	NA	IMMUNE SYSTEM	10/09/07	Crystal structure of immune receptor complex	mus musculus	mus musculus				mus musculus	mus musculus	Feng, D., Bond, C.J., Ely, L.K., Garcia, K.C.	2.7	X-RAY DIFFRACTION	0.287	0.235					True
1fyt	E	D	NA	NA	abTCR	0	C	peptide	hemagglutinin ha1 peptide chain	NA	MH2	A	B	46.624	TRBV28	TRAV8	NA	NA	IMMUNE SYSTEM	11/08/00	CRYSTAL STRUCTURE OF A COMPLEX OF A HUMAN ALPHA/BETA-T CELL RECEPTOR, INFLUENZA HA ANTIGEN PEPTIDE, AND MHC CLASS II MOLECULE, HLA-DR1	homo sapiens	homo sapiens			h3n2 subtype	homo sapiens	homo sapiens	Hennecke, J., Carfi, A., Wiley, D.C.	2.6	X-RAY DIFFRACTION	0.255	0.221					True
6v13	E	D	NA	NA	abTCR	0	C	peptide	fibrinogen beta 74cit69-81	NA	MH2	A	B	25.371	TRBV4	TRAV6	NA	NA	IMMUNE SYSTEM	11/25/20	immune receptor complex	mus musculus	mus musculus			homo sapiens	homo sapiens	homo sapiens	Lim, J.J., Rossjohn, J.	2.75	X-RAY DIFFRACTION	0.247	0.210					True
4ozf	H	G	NA	NA	abTCR	0	J	peptide	deamidated gliadin-alpha2 peptide	NA	MH2	A	B	45.953	TRBV7	TRAV26	NA	NA	IMMUNE SYSTEM	04/16/14	JR5.1 protein complex	homo sapiens	homo sapiens			triticum aestivum	homo sapiens	homo sapiens	Petersen, J., Reid, H.H., Rossjohn, J.	2.7	X-RAY DIFFRACTION	0.238	0.184					True
